ID,Title,Location,Salary,Summary
https://kr.indeed.com/viewjob?jk=d11342cfe074df78,Frontend Developer (Javascript/React),Bepro Company 서울,,Python + Django - AWS lambda + API gateway - MySQL - Google Cloud Platform - Git [회사 문화]: Be Pro at your work. (Freedom...
https://kr.indeed.com/viewjob?jk=de706b3262efd1ed,사업개발 및 마케팅,온라인 수학교재 출판사 서울 서초구,,경력 2년 이상 • 우대 사항 신규 서비스 런칭 or 온라인 비즈니스 마케팅 경험 로그 분석 툴 경험 ( Google Analytics) 브랜드 마케팅과 함께 하는 디지털 마케팅에 대한 경험 근무 형태: 정규직 급여...
https://kr.indeed.com/viewjob?jk=9fdebe7c25122658,Online content editor supporter,& Other Stories 서울,,"well as digital advertisement channels (FB, Instagram,Kakao, Google Display advertisement) Supervise layout images, graphics..."
https://kr.indeed.com/viewjob?jk=609b47486d80e2cf,Government Affairs and Public Policy Man...,Google 4.3 서울,,"benefits Google’s users, business... wider web. Work cross-functionally to develop policy positions for review by Google..."
https://kr.indeed.com/viewjob?jk=6d644154e0784be0,Client Partner,Jellyfish UK 서울,,"senior management (top to tops) * Engagement with Google, Yahoo!/Bing, Amazon and other partners, to ensure effective..."
https://kr.indeed.com/viewjob?jk=12c7224cac0ac917,SG Entertainment Executive Assistant,sg entertainment 서울 마포구,,strict discretion and confidentiality - Good MS office + Google suite knowledge - Speaks English... French - Interest...
https://kr.indeed.com/viewjob?jk=d087c11fcedf07e1,"Accelerated Growth Consultant, Google Cu...",Google 4.3 서울,,"Google come in all shapes, sizes and market caps... one Google advertising... increase... Google Ads investment..."
https://kr.indeed.com/viewjob?jk=6d215f53433a9f0f,[외국계기업] Marketing assistant & IT support...,에임즈인터내셔널코리아 서울 서초구,,from EN to KR or KR to EN 2. IT Support - Manage internal google drive & sales apps - Manage CRM program and do training...
https://kr.indeed.com/viewjob?jk=3fd532dea1ab5697,Korea IT Internship Programme Open Durin...,Tech Expozed International 서울,,"Plugin, MOZ SEO Toolbar, Disavow Tool, Woorank Plugin, Google Trends, Buffer Publish. About You * You enjoy the fast-paced..."
https://kr.indeed.com/viewjob?jk=e5ca14de265f7fc9,Data Analyst,레이니스트 서울,,"Driven 의사결정을 하는 Lean 조직에서의 데이터 분석 및 액션플랜 도출 경험 보유 (예. Amazon, Google 등) Experiment Design이 가능하고 가설을 검정할 능력(A/B 테스트, 통계분석)을 가지..."
https://kr.indeed.com/viewjob?jk=7668dae591787480,Junior UX Project Manager,Asiance 서울,,Experience in Analytics solutions (Ex. Google Analytics). • 분석 솔루션 사용 경험(예: Google Analytics). • Experience in content design...
https://kr.indeed.com/viewjob?jk=3ecfac065cd7d681,제12차 생물다양성협약 당사국총회(COP 12) 전문요원 추가모집,기상청 대한민국,,"2014년 8월 17일(일), 18:00까지 - 지원방법: 온라인 URL 접속하여 지원서류 작성·제출( Google Docs 프로그램 ) 후 제출서류 이메일(recruit@cbdcop12.kr) 발송 • 전문요원 지원자용..."
https://kr.indeed.com/viewjob?jk=b242f205d6a03857,"Customer Engineer, Government (Google Cl...",Google 4.3 서울,,devise enhancements to Google Cloud products... Google Cloud Platform team helps... best practices on Google Cloud. Google...
https://kr.indeed.com/viewjob?jk=0c32265fe4f353d8,네이버 일본 맛집 서비스 CONOMI Backend 개발자,네이버 서울,,"CONOMI 서비스를 위한 API 개발 - 로그 데이터 수집 / 분석 개발 - OCR( Clova , Google) API 를 이용한 응용 API 전반 . 일본 / 한국 영수증 및 메뉴판 인식 , 사업자등록증 인식 기능 개발..."
https://kr.indeed.com/viewjob?jk=e51b53a1e0924c05,[NAVERxLINE] Global Ad SDK Engineer,네이버 서울,,"Development Kit) 개발 - 글로벌 광고 플랫폼 지원 ( Google, MOPUB, Facebook, Amazon 등) - 동영상 광고 및... 글로벌 광고 플랫폼 지원 ( Google, MOPUB, Facebook..."
https://kr.indeed.com/viewjob?jk=b072b175554b4593,"취,창업 문화공간 언더스탠드에비뉴 홍보마케팅 정규직",아르콘(ARCON) 서울 성동구,,"운영, 광고관리 : Homepage, FB, Instagram, Youtube, Blog : Naver, Google, Kakao - 보도자료 작성 및 배포 - 온·오프라인 홍보물 기획 및 제작관리 - 협력사 및 사업 유관부..."
https://kr.indeed.com/viewjob?jk=f6e5ce9e9e7e8525,My Data Login PO,레이니스트 서울,,"보유 우대조건 Data Driven 의사결정을 하는 Lean 조직에서의 개발 경험 보유 (예. Amazon, Google 등) 소프트웨어 기획에서 배포 사이클을 직접 End-to-end로 관리, 운영한 경험 보유 높은 고객..."
https://kr.indeed.com/viewjob?jk=ffe4e936d6ce76dc,Cross Border Korea - Brand Marketing & M...,Shopee 서울,,"e.g., Shopee flash deal, Shopee livestream, Facebook, Google, Ad-networks, etc.) Responsible for arranging and executing..."
https://kr.indeed.com/viewjob?jk=45ad597a1581bed1,디지털광고/데이터분석담당(퍼포먼스마케터),세이브더칠드런 서울,,터의 정확한 트래킹/분석을 위한 스크립트 관리 (웹기획/개발자와의 커뮤니케이션) - 디지털 광고 결과 분석( Google Analytics 기반) - 데이터 기반 마케팅 인사이트 도출 및 향후 전략에의 반영 3. 디지털 후원...
https://kr.indeed.com/viewjob?jk=a0b4ed4dce3b1f73,분석시스템 개발 경력사원,GS ITM 서울 종로구,,MapReduce /NoSQL 등)을 활용한 개발 경험 - Public Cloud(AWS//MS Azure/ Google/Oracle 등)기반 개발 경험 - 머신러닝/딥러닝(Tensorflow 등) 프레임워크에 대한 이해 및...
https://kr.indeed.com/viewjob?jk=c5f24be08e893136,[정규직] 각 부문별 신입/경력,파크시스템스 수원 영통구,,"및 Public Corporate Info를 활용한 시장 및 경쟁사 분석자료 작성 - 논문 검색 tool( Google Scholar, excel, Web of Science 등)을 활용한 시장조사 자료 제작 > 근무부서..."
https://kr.indeed.com/viewjob?jk=2a818d742ff3fa41,People Operation Manager,레이니스트 서울,,"능력을 보유 우대조건 Global lean 조직에서의 조직 문화 운영 경험 보유 (예. Amazon, Google 등) 다양한 데이터 분석 (예. 인사, 채용 데이터 등) 을 활용한 조직 프로그램 기획 및 운영 경험 보유자..."
https://kr.indeed.com/viewjob?jk=e65657ba3e99392f,Senior Media Strategist,Jellyfish UK 서울,,"Utilize attribution, media mix modeling and planning tools ( Google Attribution 360, Nielsen, Comscore, Doubleclick etc..."
https://kr.indeed.com/viewjob?jk=f1debaa52d72c49b,"Agency Account Strategist, Google Custom...",Google 4.3 서울,,"Experience in Google Ads and YouTube... Google come in all shapes, sizes and market caps... one Google advertising..."
https://kr.indeed.com/viewjob?jk=3655d120c0d34da0,페이퍼 비즈니스 전략 인턴,리디 서울,,"현황 리서치 자격 요건 MS Office (Excel, Word, Power point) 활용능력 보유자 Google Docs 활용능력 보유자 다수 협업자와의 원활한 커뮤니케이션 역량 IT 기기와 도서 시장에 대한 높은 이해..."
https://kr.indeed.com/viewjob?jk=781270f4cb981b2c,EC부문 팀장,에프알엘코리아 서울 송파구,,"가맹점 관리 유통 관련 (O2O, O4O) 시스템 구축 물류 센터 운영, IT 활용의 물류 프로젝트 수행 Google Analytics Tagging 분석 BI tool을 활용 한 고객은 매출 데이터 분석 근무 조건 근무지..."
https://kr.indeed.com/viewjob?jk=ed22fe6570600cc4,"Field Sales Manager, Google Cloud",Google 4.3 서울,,job The Google Cloud Platform team helps customers transform and evolve... business through the use of Google’s global...
https://kr.indeed.com/viewjob?jk=57c6655bfe68a9e6,ISP Interconnection Manager,Netflix 서울,,"contractual terms Analyze a variety of data using excel/ google sheets, scripting, and database queries at an expert level..."
https://kr.indeed.com/viewjob?jk=eb80e5782b4898be,ECOMMERCE MARKETING & CRM ASSOCIATE,Under Armour 서울,,communication skills Familiarity with Adobe Analytics or Google Analytics (Inflow traffic analytics tool) Managing...
https://kr.indeed.com/viewjob?jk=8c1436cf2516395a,"Customer Engineer, Security, Google Clou...",Google 4.3 서울,,companies choose Google Cloud... huge... devise enhancements to Google Cloud products... Google Cloud Platform team helps...
https://kr.indeed.com/viewjob?jk=c691bc3fdb2c52bc,Cross Border Korea - Marketing Consultin...,Shopee 서울,,"sellers on external marketing activities (e.g., Facebook, Google, Ad-networks, etc.), plus Shopee in-app marketing tools when..."
https://kr.indeed.com/viewjob?jk=7010b1fa62ae3887,"[ 카카오T블루 지역본부] 서비스 품질관리(SQM, Service Qua...",지제이티모빌리티 성남 분당구,,"현장 운영 교육 경험자 -운영 프로세스 기획 경험이 있는 분 [우대사항] -문서 작성 툴(MS office, google sheet 등)사용이 능숙한 분 -새로운 사람들과의 커뮤니케이션을 어려워하지 않는 분 -Self..."
https://kr.indeed.com/viewjob?jk=659e48a48d12904e,"Partner Development Manager, Google Clou...",Google 4.3 서울,,"Google returns, pitching ideas... identifying opportunities within partners, and coordinating across Google teams..."
https://kr.indeed.com/viewjob?jk=28f144e7a51a46fd,"Agency Scaled Account Strategist, Google...",Google 4.3 서울,,"Experience in Google Ads and YouTube... Google come in all shapes, sizes and market caps... one Google advertising..."
https://kr.indeed.com/viewjob?jk=419692b3ddb34768,Analytics Specialist,MightyHive 서울,,"Google Analytics 360 and Google Tag... 360 및 Google Tag Manager에 대한 2 년 이상의 실무 경험 Google Analytics (360), Google Optimize..."
https://kr.indeed.com/viewjob?jk=68fedf7c8e87a89e,가계부 PO,레이니스트 서울,,"도가 높으신 분 Data Driven 의사결정을 하는 Lean 조직에서의 개발 경험 보유 (예. Amazon, Google 등) 소프트웨어 기획에서 배포 사이클을 직접 End-to-end로 관리, 운영한 경험 보유 높은 고객..."
https://kr.indeed.com/viewjob?jk=81c94c4ec71bd892,Solutions Consultant,Adobe 서울,,"complementary and competitive products and technologies... Google Analytics, Optimizely and BlueKai is a big plus..."
https://kr.indeed.com/viewjob?jk=fe81c58512efbf01,[라프텔] 프로덕트 매니저,리디 서울,,"억 이상의 커머스 회사에서 일해본 경험 빠른 속도로 성장하는 스타트업에서 핵심적인 역할을 수행해 본 경험 Google Tag Manager를 사용할 줄 알고, SQL 쿼리를 작성할 수 있음 [지원 시 유의 사항] 제출..."
https://kr.indeed.com/viewjob?jk=4ed4b695f8cd5d5e,[UNIQLO] EC부문 팀장,에프알엘코리아 서울 송파구,,"가맹점 관리 유통 관련 (O2O, O4O) 시스템 구축 물류 센터 운영, IT 활용의 물류 프로젝트 수행 Google Analytics Tagging 분석 BI tool을 활용 한 고객은 매출 데이터 분석 근무 조건 근무지..."
https://kr.indeed.com/viewjob?jk=c60e7d0e0b393686,"Field Sales Representative, Enterprise,...",Google 4.3 서울,,"your passion for Google products, you help spread the magic of Google to organizations around the world. Google Cloud helps..."
https://kr.indeed.com/viewjob?jk=5daa32b2e732f07d,Service Operation Specialist,하이퍼커넥트 서울,,"운영상의 문제를 꼼꼼하게 확인하고 주어진 자원 하에서 최적의 해결 방안을 도출하는 능력 Excel ( Google Spreadsheet) 활용 능력 및 수치 해석 능력, 문제를 수치로 정의하는 능력 명확하고 효과적으로 소통하는..."
https://kr.indeed.com/viewjob?jk=8d7016baa5a3ce9e,Public Sector Field Sales Representative...,Google 4.3 서울,,"passion for Google products, you will help spread the magic of Google to organizations around the world. Google Cloud helps..."
https://kr.indeed.com/viewjob?jk=5f38aa2dd7120caa,브라운더스트 일본 UA 마케팅 담당자 (신입),네오위즈 대한민국,,"기획 자격요건 - 비즈니스 커뮤니케이션이 가능한 수준의 일본어 능력 (필수) - Facebook, Google UAC 세팅 및 AD네트워크 운영이 가능한 분 - 다양한 Creative를 기획했던 경험이 있는 분 우대사항..."
https://kr.indeed.com/viewjob?jk=3f984c1fe9a64f50,[인재풀] 네트워크 엔지니어,Electronic Arts 서울,,"experience of different vendor cloud platforms e.g. AWS, Azure, Google Cloud Platform Experience working in globally disperse..."
https://kr.indeed.com/viewjob?jk=075fb881f74b3325,Business Development Manager(Azar),하이퍼커넥트 서울,,"mobile marketing experience Performance marketing on Facebook, Google Adwords, etc. Position Type/ Expected Hours of Work..."
https://kr.indeed.com/viewjob?jk=f7444f2c2cc4441a,"Manager, Physical Production",Netflix 서울,,"Word, Excel, Movie Magic Budgeting, Google Docs, Google Sheets, Google Slides and Google Mail APPLY NOW Share this listing..."
https://kr.indeed.com/viewjob?jk=c51424f8d306352e,WORKS MOBILE Solution Alliance Manager,네이버 서울,,"어야 함 - 영어 가능 (비즈니스 커뮤니케이션 가능한 수준) # 우대 사항 - Salesforce, SAP, Google Gsuite, MS O365등 SaaS 서비스에서 Partner alliance 구축 경험 및 3rd..."
https://kr.indeed.com/viewjob?jk=dfcb86f156623e5c,보훈대상자 인재 채용,네오위즈 대한민국,,"필수) - Facebook, Google UAC 세팅 및 AD네트워크 운영... Task 및 스케줄 관리에 스스로 엄격한 분 - Facebook, Google UAC 등의 캠페인을 ‘직접’ 셋팅하고 운영했던 분 - 그 외 다양한..."
https://kr.indeed.com/viewjob?jk=3144c9990625f8ca,구글 선정 올해의 앱 아만다 퍼포먼스 마케터,넥스트매치 서울 서초구,,"마케팅 업무를 드라이브 할 마케터를 찾습니다. 넥스트매치는 ‘2016 Google 선정 올해의 앱’, ‘Apple 2016년을 빛낸 앱’에 선정된 국내 최고의 데이팅 서비스 ‘아만다’의 운영사입니다. 2013년 ‘아만다’를..."
https://kr.indeed.com/viewjob?jk=cd44f7a0b2589b0f,"Java, JSP 외 신입/경력 정규직, 프리랜서",렛츠컴바인 서울 용산구,,"지었습니다. 그리고 같은 해, 포켓몬고 사용자들의 정보 교류를 할 수 있는 실시간 정보 공유 앱을 만들어 Google Play store 인기 앱 1위를 달성하기도 하였습니다. 지금은 블록체인 특히 탈중앙화 신원증명(DID..."
https://kr.indeed.com/viewjob?jk=166aa0c72e94a266,Business Data Analyst,Soomgo 서울 강남구,,"셋팅 / 구축 경험 ( Google Analytics, Google Tag... Google Analytics, Firebase, Amplitude, 등) • 다양한 A/B Test를 비즈니스에 적용하고 개선한 경험 ( Google..."
https://kr.indeed.com/viewjob?jk=02dd3cb5f0906404,Data Engineer,레이니스트 서울,,"경험 보유 Data Driven 의사결정을 하는 애자일 조직에서의 개발 경험 보유 (예. Amazon, Google 등) Benefits & Perks 기본 연차 외 반기별 Refresh day 및 정규직 입사에 따른 휴가..."
https://kr.indeed.com/viewjob?jk=de706b3262efd1ed,사업개발 및 마케팅,온라인 수학교재 출판사 서울 서초구,,경력 2년 이상 • 우대 사항 신규 서비스 런칭 or 온라인 비즈니스 마케팅 경험 로그 분석 툴 경험 ( Google Analytics) 브랜드 마케팅과 함께 하는 디지털 마케팅에 대한 경험 근무 형태: 정규직 급여...
https://kr.indeed.com/viewjob?jk=600f11af1aca94ec,User Growth Data Analyst,하이퍼커넥트 서울,,"platform partners (Facebook, Google, etc.), agencies, and networks to optimize... Firebase, Google Analytics) Hands..."
https://kr.indeed.com/viewjob?jk=bcb66193e91fee96,여행 좋아하는 주니어 개발자,메리홀리데이 서울 강남구,,"라이브 방송 플랫폼 ‘Tripme LIVE’를 운영하고 있습니다. *Tripme LIVE – 출시 일주일만에 Google 플레이스토어 여행/지역정보 카테고리 매출차트 2위, 신규 인기앱차트 2위 기록 · 보다 재미있는 여행을..."
https://kr.indeed.com/viewjob?jk=b1db9911b07d249a,Senior Display Manager,Jellyfish UK 서울,,"Google Preferred Partner, our business has a strong relationship with Google and knowledge... Google Tech Stack..."
https://kr.indeed.com/viewjob?jk=dcae654bf4d14386,Mindshare | Digital Planning Director,Mindshare 서울,,"paid media... Display, SEM, SNS, digital analytics... google analytics and 3rd party brand safety tools etc. Strong..."
https://kr.indeed.com/viewjob?jk=0309a11800f5ed4e,Card Curation PO,레이니스트 서울,,"보유 우대조건 Data Driven 의사결정을 하는 Lean 조직에서의 개발 경험 보유 (예. Amazon, Google 등) 소프트웨어 기획에서 배포 사이클을 직접 End-to-end로 관리, 운영한 경험 보유 높은 고객..."
https://kr.indeed.com/viewjob?jk=ffe902d5a459d950,IT EC engineer,에프알엘코리아 서울 송파구,,"리케이션 개발을 포함하여 Frontend 웹 개발 경험 BI tool을 활용한 고객, 매출 데이터 분석 경험 Google Analytics Tagging 분석 경험 물류 센터 운영, IT 활용 물류 프로젝트 수행 경험 POS..."
https://kr.indeed.com/viewjob?jk=648c80d8e5d3f5f1,영작 소프트웨어 제작에 참여하실 backend 웹개발자,잉글 서울 용산구,,Google.com에서 추출할 것입니다. 구글 API를 활용하면 더 안정적이지만 Google.com 보다 데이터 양이 작아서 우선적으로 Google... scrape-data-from- google-results http...
https://kr.indeed.com/viewjob?jk=23ca217399f0583b,"Industry Manager, Branding",Google 4.3 서울,,"Google come in all shapes, sizes and market caps... one Google advertising... business needs of Google's key clients..."
https://kr.indeed.com/viewjob?jk=9b228acc223bf7c3,"Business Development Consultant, New Bus...",Google 4.3 서울,,new advertisers to Google. Consult with C... connection between Google solutions and business needs. Google is proud... an...
https://kr.indeed.com/viewjob?jk=301a562b5b4d2b2e,Data Engineering Manager,레이니스트 서울,,"경험 보유 Data Driven 의사결정을 하는 애자일 조직에서의 개발 경험 보유 (예. Amazon, Google 등) Benefits & Perks 기본 연차 외 반기별 Refresh day 및 정규직 입사에 따른 휴가..."
https://kr.indeed.com/viewjob?jk=0a3eed46db18053c,게임스프링 경영지원 신입/경력,게임스프링 서울 강남구,,"지원 신입/경력 채용 모집부문 및 자격요건 모집부문 담당업무 자격요건 인원 경영지원 담당업무 - 문서 작성 ( Google docs, sheets, slides 등), 업무 지원, 비품 구매 - 임원 비서 업무 - 제품 테스트..."
https://kr.indeed.com/viewjob?jk=2b8fb742501e17f9,디지털마케팅 경력사원 (계약직),락앤락 3.0 서울 서초구,,분석을 통한 효율 극대화 영업채널 및 대행사 커뮤니케이션 해당부문 경력 4-8년 미만인 자 데이터 분석툴( Google Analytics 등) 활용 가능한 분 E-Commerce 광고 문안(카피) 작성 경험이 있는 분 원활한...
https://kr.indeed.com/viewjob?jk=46b8cf0c8214017f,Sales & Partnerships Director,Jellyfish UK 서울,,demonstration of Google Marketing Platform * Ensure Google Pipeline Tracker... Google * ‘Walk the halls’ of Google...
https://kr.indeed.com/viewjob?jk=af0e8c3d88a803b3,건강 보험 추천 PO,레이니스트 서울,,"이해도 보유 Data Driven 의사결정을 하는 Lean 조직에서의 개발 경험 보유 (예. Amazon, Google 등) 소프트웨어 기획에서 배포 사이클을 직접 End-to-end로 관리, 운영한 경험을 보유 높은 고객..."
https://kr.indeed.com/viewjob?jk=2cca1153ad5866fc,Head of YouTube Consumer Marketing (Engl...,Google 4.3 서울,,"Android... business product ( Google Ads, AdSense, Google Marketing Platform... demonstrate how Google's products solve..."
https://kr.indeed.com/viewjob?jk=8d8732d9af51a81f,Digital Marketing Specialist (KR - Globa...,expand k 서울 서초구,,"knowledge of digital marketing, and understanding with Google, Naver, Facebook, Instagram etc. * - Experience in digital..."
https://kr.indeed.com/viewjob?jk=f881c07d7245e824,EC부문 팀장 모집,FRL코리아 서울 신천동,,"가맹점 관리 유통 관련 (O2O, O4O) 시스템 구축 -물류 센터 운영, IT 활용의 물류 프로젝트 수행 - Google Analytics Tagging 분석 -BI tool을 활용 한 고객은 매출 데이터 분석 근무조건..."
https://kr.indeed.com/viewjob?jk=b3cf95f3ed3ee2c1,Senior IT Business Analyst,Brown-Forman 서울,,"Business Intelligence Front-End platform (e.g. Tableau), Google Apps, in line with Global strategies. Promote the best use..."
https://kr.indeed.com/viewjob?jk=546ecd82d5e46bf4,[L'Oreal Korea] E-Key Account Manager,L'Oreal 4.1 서울,,"Fluent in both Korean and English - Proficient with Microsoft Excel, PowerPoint and Google Analytics any other analysis tool"
https://kr.indeed.com/viewjob?jk=8b409dbc26a6091f,SDI Media 번역가 모집 안내,성균관대학교 4.0 서울,,"media distributors. Our clients include 20th Century Fox, Google, HBO, Paramount, Netflix, Sony Pictures and many more. 2.모집..."
https://kr.indeed.com/viewjob?jk=d11342cfe074df78,Frontend Developer (Javascript/React),Bepro Company 서울,,Python + Django - AWS lambda + API gateway - MySQL - Google Cloud Platform - Git [회사 문화]: Be Pro at your work. (Freedom...
https://kr.indeed.com/viewjob?jk=f15f5196a71a5e74,실력있는 퍼포먼스 마케터,알파브라더스 서울 강서구,,포먼스 마케팅 경력 만 2년 이상 2. 페이스북/인스타그램/구글 등 온라인 채널 운영 경험 3. 트래킹 툴( Google Analytics 등) 활용 역량 4. 데이터 기반의 Marketing Funnel 분석 역량 5. 가설...
https://kr.indeed.com/viewjob?jk=4889d2814b462d35,클라이언트 개발자 FrontEnd Developer,에스제이에이치스튜디오 서울 역삼동,,지보수 [사용 기술] - AgnularJS / ReactJS - HTML5 / CSS3 / Sass - Google Closure Library - Apache Cordova - NodeJS + NodeWebkit...
https://kr.indeed.com/viewjob?jk=481f953ccaa4bc96,AI 연구/개발 직군 모집,넷마블 서울 구로구,,"혹은 JAVA 중 1가지 중급 이상 개발능력 - 머신러닝 및 자연어처리 기본기 - 게임산업에 대한 열정 - Google Cloud Platform(GCP) 활용 능력 우대사항 - NMT, sequence generation..."
https://kr.indeed.com/viewjob?jk=7de81c247b678be8,Data analyst,네오위즈 대한민국,,"뮤니케이션 능력을 보유하신 분 / 필수 5. DB 활용 능력을 보유하신 분(ex) Greenplum, google Bigquery, Redshift) / 선택 6. 시각화 도구 활용 능력 (ex) Tableau, Mstr..."
https://kr.indeed.com/viewjob?jk=aee3f95d486144fa,Web Front-End Engineering Manager,레이니스트 서울,,"경험 보유 Data Driven 의사결정을 하는 Lean 조직에서의 개발 경험 보유 (예. Amazon, Google 등) 높은 고객 Impact를 창출한 앱서비스 창업/운영 경험 보유 Benefits & Perks 기본..."
https://kr.indeed.com/viewjob?jk=15a3ef5f47b1b935,Strategic Negotiator,Google 4.3 서울,,"infrastructure to Google’s network... delivery of Google services. Behind... Google platforms, we make Google..."
https://kr.indeed.com/viewjob?jk=5d0a31513d3b1093,Marketing Specialist,Appier 서울,,"preferred * Knowledge of various digital channels, Google Analytics, SEO, SEM is a plus * A self-driven and creative..."
https://kr.indeed.com/viewjob?jk=7203e68529755576,VR 및 AR 관련 개발자,휴먼디지털 서울,,음성인식 활용 UI 구현( Google Speech API 등) - 동작인식... openvx 등)을 활용한 3D UI 구현 - 음성인식 활용 UI 구현( Google Speech API 등) - 동작인식 활용 UI 구현 근무지 서울...
https://kr.indeed.com/viewjob?jk=381e904cb181fba5,브라운더스트 일본 UA 마케팅 담당자 (경력),네오위즈 대한민국,,"케이션이 가능한 수준의 일본어 능력 (필수) - 모바일 게임 마케팅 경력 2년 이상 - Facebook, Google UAC 세팅 및 AD네트워크 운영이 가능한 분 - 다양한 Creative를 기획했던 경험이 있는 분 우대..."
https://kr.indeed.com/viewjob?jk=3345aaa2fff7536e,플랫폼(VM) 경력 정규직,드래곤에이치알 서울,,학과 (부전공 포함) - 직무경험 : Ad Tech분야의 Platform 기획/개발 업무 수행 경험 - GA( Google Analytics) 사용 가능자 우대 1 명 근무조건 고용형태: 정규직 근무부서: 광고상품기획 급여조건...
https://kr.indeed.com/viewjob?jk=d2df92c32bd4a203,Software Engineer,Google 4.3 서울,,"services. Google... always... From Google Ads to Chrome, Android to YouTube, Social to Local, Google engineers..."
https://kr.indeed.com/viewjob?jk=2dc1a485bfe92d5d,"Head of Industry, Branding (English, Kor...",Google 4.3 서울,,"Knowledge of Google products... Google Ads, Google Marketing Platform... departments at Google Korea. Google..."
https://kr.indeed.com/viewjob?jk=8e50a02ca16986da,Account Director,Jellyfish UK 서울,,mobile marketing... mobile apps market * Knowledge of Google technology stack is an advantage * Excellent knowledge...
https://kr.indeed.com/viewjob?jk=ae2c6294bc277408,Lead Technical Solutions Engineer,MightyHive 서울,,"Working knowledge... Google Marketing... Charles Proxy Google Marketing Platform (GA, CM, DV360), Google Cloud Platform..."
https://kr.indeed.com/viewjob?jk=6e7f2ba0df9d2ce3,Performance Marketing Specialist (Coupan...,Coupang 3.1 서울,,"매체 발굴 및 테스팅 마케팅 프로모션 기획 자격 요건: 2년 이상의 퍼포먼스 마케팅 경력 Facebook, Google UAC Self-Serve 경험 모바일 Attribution Tool에 능숙하신 분 (Appsflyer..."
https://kr.indeed.com/viewjob?jk=b8152fe5305e21f7,UA 매니저 경력 채용 공고 – 채용마감,텐센트 코리아 서울 강남구,,"주요업무 상품 기획 및 시장 전략에 따른 국내 광고 전략 수립 ( Google, Facebook, Third party 등 활용) 정기적인 데이터... 광고 운영 업무 2년 이상 Google, Facebook, Applovin..."
https://kr.indeed.com/viewjob?jk=89a05c7c844b1526,FrontEnd Developer(프론트앤드) 클라이언트 개발자 경력,에스제이에이치스튜디오 서울 역삼동,,무한지원 사용 기술] - AgnularJS / ReactJS - HTML5 / CSS3 / Sass - Google Closure Library - Apache Cordova - NodeJS + NodeWebkit...
https://kr.indeed.com/viewjob?jk=f0599e3583dfc92b,IT 솔루션 기업 마케터 경력자,포커스에이치알 서울 강남구,,"우대사항 – 홍보 대행사 업무 경력을 갖고 계신 분 – 영어 의사소통이 가능하신 분 – Google Analytics, Google Display Network, Naver 광고, Facebook 광고, GetResponse..."
https://kr.indeed.com/viewjob?jk=f2a26021aef8e7ed,블록체인 IT 서비스 시스템 개발 총괄팀장,디에스파트너즈그룹 서울 강남구,,"등, hibernate 개발 경험이 있으신 분 - RDB, NoSQL를 활용한 개발 경험이 있으신 분 - AWS, Google Cloud 등 클라우스환경에서 개발 경험하신 분 (EC2, S3, RDS, cloudwatch..."
https://kr.indeed.com/viewjob?jk=6322e22ae600d542,디지털 마케터,그레이프 서울 송파구,,디지털 마케팅 1. 네이버 키워드 광고 2. 애드워즈 관리 3. Google Analytics 를 통한 효율성 제고 4. 브랜드 마케팅 공동 근무시간(2시 ~ 6시)를 제외한 시간은 자유롭게 어디서든 일 하셔도 상관없어요...
https://kr.indeed.com/viewjob?jk=e0506fe72721e74d,Data Engineer,하이퍼커넥트 서울,,"결을 위한 논리적인 커뮤니케이션 스킬 우대사항 AWS (Amazon Web Services), GCP ( Google Cloud Platform), Git 활용 경험 6년 이상 데이터 파이프라인 운영 관리 경험 데이터 분석..."
https://kr.indeed.com/viewjob?jk=ff0f9452247d40ef,"파인우드리빙, 디지털 마케터",파인우드리빙 대한민국,,"패밀리 브랜드 디지털 마케팅 전략 관리 및 실행할 분을 뽑습니다. : GA, Google Optimize 등의 디지털 마케팅 Tool에 대한 높은 이해를 바탕... 케팅 전략 관리 및 실행 GA, Google Optimize 등의 디지털..."
https://kr.indeed.com/viewjob?jk=35b6381bfc05576b,Server Engineering Manager,레이니스트 서울,,"보유 Data Driven 의사결정을 하는 Lean 조직에서의 개발 경험 보유 (예. Amazon, Google 등) 높은 고객 Impact를 창출한 앱서비스의 End-to-end 설계, 개발 리딩 경험 보유 Benefits..."
https://kr.indeed.com/viewjob?jk=e40f14640ce2f83b,Senior Data Scientist (Experiment Platfo...,레이니스트 서울,,"분 Data-driven 의사결정을 하는 Lean 조직에서의 개발 경험 보유하신 분 (예. Amazon, Google 등) 규모가 큰 데이터(TB단위) 를 분석에 다룬 경험이 있으신 분 Benefits & Perks 기본..."
https://kr.indeed.com/viewjob?jk=c191a58023f0c454,"Analytical Lead, Large Customer Sales (K...",Google 4.3 서울,,"tools like Google Analytics, Adobe... Google come in all shapes, sizes and market caps... one Google advertising..."
https://kr.indeed.com/viewjob?jk=4c3930758f1587ab,Talent Intelligence Specialist,Coupang 3.1 서울,,"Game Changers'. Only nine companies including Amazon, Google, Facebook, Tesla Motors and Coupang have been named on both..."
https://kr.indeed.com/viewjob?jk=005c1624934f6f4f,시스템 엔지니어 모집,알서포트 서울 몽촌토성역,,"신입 혹은 관련경력 3년이상 [우대사항] – Public Cloud(AWS, MS Azure, Google등) 플랫폼의 지식과 구축/운영 경험자 – 가상화( Hyper-V, VMWARE, Citrix Hypervisor)등..."
https://kr.indeed.com/viewjob?jk=54e83cc00d372f61,Notification PO,레이니스트 서울,,"보유 우대 Data Driven 의사결정을 하는 Lean 조직에서의 개발 경험 보유 (예. Amazon, Google 등) 소프트웨어 기획에서 배포 사이클을 직접 End-to-end로 관리, 운영한 경험을 보유 높은 고객..."
https://kr.indeed.com/viewjob?jk=8aa0c4759f3d66aa,Senior Digital Account Manager,Jellyfish UK 서울,,mobile marketing... mobile apps market * Knowledge of Google technology stack is an advantage * Excellent knowledge...
https://kr.indeed.com/viewjob?jk=d11342cfe074df78,Frontend Developer (Javascript/React),Bepro Company 서울,,Python + Django - AWS lambda + API gateway - MySQL - Google Cloud Platform - Git [회사 문화]: Be Pro at your work. (Freedom...
https://kr.indeed.com/viewjob?jk=d11342cfe074df78,Frontend Developer (Javascript/React),Bepro Company 서울,,Python + Django - AWS lambda + API gateway - MySQL - Google Cloud Platform - Git [회사 문화]: Be Pro at your work. (Freedom...
https://kr.indeed.com/viewjob?jk=8f8f44dc2f529dcd,Sales Representative,RoboSlog 서울,,roboslog... stemslog.com Extended site-https://sites. google.com/view/slogin/home Responsibility : Getting RFP (Request...
https://kr.indeed.com/viewjob?jk=ddd643573d7d00da,[오버플로우]안드로이드 앱 개발자,오버플로우 서울 성동구,,"증명 가능한 다수의 프로젝트 경험 - OpenCV를 이용한 영상처리 개발 경험 - packaging 및 Google Play 배포 경험 접수마감일 채용시까지 고용형태 기간의 정함이 없는 근로계약 임금조건 연봉 25,000..."
https://kr.indeed.com/viewjob?jk=b183db9d88b80b9e,Development/Fundraising (Advisory Board...,Ignite Mental Health 서울,,"movements... impactful as Facebook and Google, but which address the root causes of some... biggest problems..."
https://kr.indeed.com/viewjob?jk=10c81275e65f6a31,Machine Learning Engineer,레이니스트 서울,,"경험 보유 Data Driven 의사결정을 하는 Lean 조직에서의 개발 경험 보유 (예. Amazon, Google 등) 국 내/외 데이터 분석/모델링 대회 수상 경력 Benefits & Perks 기본 연차 외 반기별..."
https://kr.indeed.com/viewjob?jk=f52b01d33f97add7,Sr. Performance Marketing Specialist (Co...,Coupang 3.1 서울,,"타입별 주요 유입 지표 설정 퍼포먼스 마케팅 집행 Facebook, Google UAC등의 플랫폼을 통한 Self-Serving 캠페인 집행 대행사... 3년 이상) Facebook, Google UAC 직접 집행 경험 모바일..."
https://kr.indeed.com/viewjob?jk=4224a54b8369840e,"Principal, Biz. Marketing (Marketplace)",Coupang 3.1 서울,,"funnel optimization as well as management Knowledge of Google Analytics, Salesforce (Marketing Cloud, Community Cloud), HTML..."
https://kr.indeed.com/viewjob?jk=096a4759186a70e6,B2B마케팅,제이시에스 서울 금천구,,경력 1년 ~ 8년(대리급) 우대사항 ㆍ디지털 마케팅에 대한 이해와 실무 경험을 설명할 수 있는 분( Google Analytics 외) ㆍ홍보 대행사 업무 경력을 갖고 계신 분 ㆍ유연한 사고와 커뮤니케이션이 유연하신 분...
https://kr.indeed.com/viewjob?jk=f3fb835e462576cf,"Head of Partnerships Solutions, Korea (K...",Google 4.3 서울,,dedicated One Google support to our... needs and bring the best of Google to solve industry challenges. Google’s Global...
https://kr.indeed.com/viewjob?jk=7f208c36928093e7,"Strategic Partnership Manager, Channel S...",Google 4.3 서울,,"help grow Google's business... largest online publishers and provide account management for users of AdSense, Google Ad..."
https://kr.indeed.com/viewjob?jk=5edd293d13657eee,Android Engineer,레이니스트 서울,,경험 보유 Android 외에도 데이터 등 다양한 플랫폼에 대한 지식을 보유 하나 또는 다수의 앱이 현재 Google Play 에 등재되어 계신 분 Benefits & Perks 기본 연차 외 반기별 Refresh day 및...
https://kr.indeed.com/viewjob?jk=afb163244f72ab3e,더한섬닷컴 직무별 경력(4년 이상),한섬 3.3 서울 성내동,,"및 이벤트 실적 분석 및 예측, 성과 관리 - 우대사항 : 패션 이커머스 및 글로벌 마케팅 경력 : Google 웹로그 분석 툴 사용, 통계 트랙킹툴 운영/분석 경험 4. 데이터 분석 - 학력수준 : 대졸이상..."
https://kr.indeed.com/viewjob?jk=cd9512c10b85d53a,Digital Channel Specialist,Sanofi 4.1 서울,,analytical and statistic tool utilization (e.g : R / SPSS / Google Analytics / Adobe / Oracle / Olap tool) Basic knowledge...
https://kr.indeed.com/viewjob?jk=103ba7e9cbf251d5,200만 팔레토 개발사 프론트엔드 개발요원,앤드 서울 구로동,,"업무 방식] • 개발 할 때는 Bitbucket, AWS, Google Firebase, Zeplin 등을 주로 사용합니다. • 협업 툴로는 Google Apps, Notion, Slack, Clickup 등을 사용합니다..."
https://kr.indeed.com/viewjob?jk=570dc7dd27b852b6,200만 팔레토 개발사 백엔드 개발요원,앤드 서울 구로동,,"업무 방식] • 개발 할 때는 Bitbucket, AWS, Google Firebase, Zeplin 등을 주로 사용합니다. • 협업 툴로는 Google Apps, Notion, Slack, Clickup 등을 사용합니다..."
https://kr.indeed.com/viewjob?jk=989aaf5000843263,"Agency Lead, Large Customer Sales",Google 4.3 서울,,"Google come in all shapes, sizes and market caps... one Google advertising... teams within Google. Google is proud..."
https://kr.indeed.com/viewjob?jk=c6ca39e3058bbb42,Customer Engineering Manager,Google 4.3 서울,,job The Google Cloud Platform team helps customers transform and evolve... business through the use of Google’s global...
https://kr.indeed.com/viewjob?jk=1d3bcb04d086b935,[deleokorea] JAVA 백엔드개발자,델레오코리아 서울 강남구,,"등, hibernate 개발 경험이 있으신 분 - RDB, NoSQL를 활용한 개발 경험이 있으신 분 - AWS, Google Cloud 등 클라우드 환경에서 개발 경험하신 분 (EC2, S3, RDS, cloudwatch..."
https://kr.indeed.com/viewjob?jk=cfd738b09564774a,Android Engineering Manager,레이니스트 서울,,"우대조건 Data Driven 의사결정을 하는 Lean 조직에서의 개발 경험 보유 (예. Amazon, Google 등) 높은 고객 Impact를 창출한 앱서비스의 End-to-end 설계, 개발 리딩 경험 보유 금융관련..."
https://kr.indeed.com/viewjob?jk=e66a79dda2a8f1dd,Marketing Manager,ShopBack 서울 강남구,,"team to optimize channel performance of Facebook Ads, Google Ads, network campaigns and etc... accountable for measuring..."
https://kr.indeed.com/viewjob?jk=08ac4426aa2a7bed,Performance Marketer (SA 중심),Soomgo 서울 강남구,,"있으신 분 • 매출, ROAS 기반 퍼포먼스 마케팅 경험 있으신 분 • 대형 광고 캠페인 경험있으신 분 • Google Analytics, Amplitude/Mixpanel 등 분석툴 사용하신 분 • SQL, Python 등..."
https://kr.indeed.com/viewjob?jk=745864723d0e7c85,"Data Center Technician (English, Korean)",Google 4.3 서울,,"software (like Google's Linux cluster... next generation of Google platforms, we make Google's product portfolio possible..."
https://kr.indeed.com/viewjob?jk=1c5bd07789ffd62b,퍼포먼스 마케터(대리) 에듀테크 1등기업,에듀테크 1등기업 서울특별시,,개선전략 수립 ※ 자격조건 그로스 해킹 또는 유사 업무 2년 이상 경험 보유 웹 / 앱 그로스해킹 도구( Google Analytics 등) 활용 역량 보유 협업 업무에 필요한 소프트 스킬 보유 퍼포먼스 마케팅에 대한 기본적...
https://kr.indeed.com/viewjob?jk=5352cf066e6ae2cc,여행 좋아하는 경력직(4년 이상) 개발자,메리홀리데이 서울 강남구,,"방송 플랫폼 ‘Tripme LIVE’를 만들고 운영하는 것입니다. *Tripme LIVE – 출시 일주일만에 Google 플레이스토어 여행/지역정보 카테고리 매출차트 2위, 신규 인기앱차트 2위 기록 · 보다 재미있는 여행을..."
https://kr.indeed.com/viewjob?jk=b43edb92cb44bd28,Senior Data Engineer,레이니스트 서울,,"경험 보유 Data Driven 의사결정을 하는 애자일 조직에서의 개발 경험 보유 (예. Amazon, Google 등) Benefits & Perks 기본 연차 외 반기별 Refresh day 및 정규직 입사에 따른 휴가..."
https://kr.indeed.com/viewjob?jk=f8e425d43a894df8,Performance Marketing Manager,"Miso, inc 서울",,"Naver, Facebook, Google 등과 같은 여러 마케팅 채널을... user acquisition, youtube, facebook, google, instagram, data analyst, CAC, ROAS..."
https://kr.indeed.com/viewjob?jk=64c39e10f5ca309f,모바일게임 UA마케팅 담당자 (경력),네오위즈 대한민국,,"대해 열정을 가지고 일할 수 있는 분 - Task 및 스케줄 관리에 스스로 엄격한 분 - Facebook, Google UAC 등의 캠페인을 ‘직접’ 셋팅하고 운영했던 분 - 그 외 다양한 AD 네트워크를 '직접' 운영했던..."
https://kr.indeed.com/viewjob?jk=fcec2d379b15d1c8,스퀘어엑시트 마케팅/컨텐츠 기획자,스퀘어엑시트 서울 동작구,,SNS 등 온라인 마케팅 집행 및 효율화 - 디지털 채널 유입을 위한 디지털 마케팅/이벤트 기획 및 실행 - Google Analytics를 통한 데이터 분석 및 효율화 작업 [우대사항] - 스타트업 경험 - 놀기 좋아하시...
https://kr.indeed.com/viewjob?jk=73457e281df2be21,데이터인프라개발팀 - 데이터 플랫폼 엔지니어,Nexon 성남 분당구,,https... sedaily.com/NewsView/1VLQAJTVQL [주요업무] - Google Clout Platform 기반의 데이터 파이프라인 개발 및 운영 - 다양한 분산처리 라이브러리 개발 - 빅...
https://kr.indeed.com/viewjob?jk=8afe8aea8992c419,[deleokorea] JAVA 백엔드개발팀 팀장,델레오코리아 서울 강남구,,"등, hibernate 개발 경험이 있으신 분 - RDB, NoSQL를 활용한 개발 경험이 있으신 분 - AWS, Google Cloud 등 클라우드 환경에서 개발 경험하신 분 (EC2, S3, RDS, cloudwatch..."
https://kr.indeed.com/viewjob?jk=dc68562127ae9908,빅데이터 플랫폼 상품 개발 포털 대기업 new,포털 대기업 경기도,,"수 있으신 분 - 개발 경력 2년 이상 * 우대사항: - 클라우드 사용 경험 우대(AWS, Azure, Google등) - 다양한 하둡 버전 사용 경험 우대(Apache, Cloudera, Hortonworks) - 하둡..."
https://kr.indeed.com/viewjob?jk=a49ba1131915606a,iOS Engineering Manager,레이니스트 서울,,"우대조건 Data Driven 의사결정을 하는 Lean 조직에서의 개발 경험 보유 (예. Amazon, Google 등) 높은 고객 Impact를 창출한 앱서비스의 End-to-end 설계, 개발 리딩 경험 보유 금융관련..."
https://kr.indeed.com/viewjob?jk=3e1c8b106e9c3888,Cloud Solution Architect (Azure Apps and...,Microsoft 4.2 서울,,"software... services company... Amazon, VMware, Google, IBM, Oracle desired Microsoft is an equal opportunity..."
https://kr.indeed.com/viewjob?jk=d5b712b79cf058bb,"Account Manager, Telecommunications and...",Google 4.3 서울,,"Google come in all shapes, sizes and market caps... one Google advertising... business needs of Google's key clients..."
https://kr.indeed.com/viewjob?jk=03f3d5c72821314c,"Industry Manager, eCommerce/Retail",Google 4.3 서울,,teams within Google to collaborate... sector whilst building Google’s profile within the sector. Google is proud... an...
https://kr.indeed.com/viewjob?jk=2582b598af212d83,Performance Marketing Manager,PUBG 서울,,"Experience in global social/media platform (facebook, google, youtube etc.) performance marketing - Experience in working..."
https://kr.indeed.com/viewjob?jk=211bddf00ee5971c,Board Of Director Member @ Harvard Innov...,Ignite Mental Health 서울,,"movements... impactful as Facebook and Google, but which address the root causes of some... biggest problems..."
https://kr.indeed.com/viewjob?jk=c6283fd7a04da1d9,신사업부문 퍼포먼스 마케터 경력직 (7년이상),우아한 형제들 서울 송파구,,"딜리버리' 사업 등 우아한형제들의 다양한 신규 사업을 다루고 있습니다. [업무내용] - Facebook, Google 및 기타 광고 매체를 활용한 신규 유저 모집 및 기존 고객 리텐션 유지 캠페인 기획/관리 - 신규 서비스..."
https://kr.indeed.com/viewjob?jk=8185bedd1048e78d,IT Support Desk Technician,Success Korea 서울 종로구,,"favor... business; -Experience with Google Suite is a plus. -[전형절차] 서류전형-1,2차... Experience with Google Suite is a plus..."
https://kr.indeed.com/viewjob?jk=5346940443119462,"Head of Cloud Go-To-Market, Strategy and...",Google 4.3 서울,,environment. Google Cloud helps millions... other regional/global Google Sales Operations teams. Google is proud... an equal...
https://kr.indeed.com/viewjob?jk=b3d7c479c05b8400,Digital Marketing Manager 대리~ 과장급-외국계 전시...,HR킴벌리 서울 송파구,,"보유자\\ -수행 업무: Performance 마케팅, 타겟팅, Google Analytics - Google Analytics (GAIQ 자격증 우대), Google Partners 자격증 우대, Excel (전문가 수준..."
https://kr.indeed.com/viewjob?jk=12fed0490ddd1ea2,Android (AoS) Developer (Kotlin; Mid to...,Binance 서울,,"cases, usability, and general reliability Manage and oversee Google Play release life cycle Troubleshoot issues, fix bugs..."
https://kr.indeed.com/viewjob?jk=3ed50639d6c9ef77,Front-end 모바일앱 개발자 인공지능(AI) 기술개발 전문기업 ne...,인공지능(AI) 기술개발 전문기업 경기도,,네이티브 앱 개발 경력 1년 이상 3) 우대사항 - 앱 개발 조직을 리딩해 본 경험이 있는 분 - Google Play Store 또는 Apple Store 출시된 앱을 일정기간 유지보수해본 경험이 있는 분 - 모바일 앱...
https://kr.indeed.com/viewjob?jk=96b816ed1cf2a5d7,Senior Digital Marketing Specialist 글로벌...,글로벌 패션 대기업 서울특별시,,유관경력 최소 3-5년 - 패션업계 디지털마케팅 경력자 우대 - Google Analytics 과 같은 디지털 분석 tool 활용 경력 - 영어능통... tools... Google Analytics •Able...
https://kr.indeed.com/viewjob?jk=cfaae88e0b705dc8,[구로동] 기획력있는 온라인/퍼포먼스 마케터 경력,나우앤뉴 서울 구로동,,"인재 우대 - 대형 광고 캠페인 경험 있으신 분 우대 - 매출, ROAS 기반 퍼포먼스 마케팅 경험자 - Google Analytic, Mixpanel 등 분석 툴 사용 가능 하신 인재 - SQL, Python 등 데이터..."
https://kr.indeed.com/viewjob?jk=a7ffc1cf0bb5cf9b,"Account Manager, eCommerce/Retail (Korea...",Google 4.3 서울,,teams within Google to collaborate... sector whilst building Google’s profile within the sector. Google is proud... an...
https://kr.indeed.com/viewjob?jk=1ccbc9b767333233,Salesforce Architect,"15년 연혁의 시스템소프트웨어 개발,공급,홈페이지 구축,모바일컨텐츠서비스 개발 및 공급업체 서울 논현동",,"서울 강남구 논현동 - 국내 최초 Microsoft, AWS(Amazon Web Services), Google, Akamai, 포스코 등과 파트너십 체결을 하였으며 AWS 선정 최고 파트너상을 수상한 국내 최고 클라우드..."
https://kr.indeed.com/viewjob?jk=2e7c8a0ba67f2dc6,Business Development for Strategic Partn...,Success Korea 서울,,"Excel and PowerPoint), Data analytics tools like Google Analytics, MySQL preferred... tools like Google Analytics, MySQL..."
https://kr.indeed.com/viewjob?jk=0775a7b8bbca016c,Senior Server Engineer,레이니스트 서울,,"경험 보유 Data Driven 의사결정을 하는 애자일 조직에서의 개발 경험 보유 (예. Amazon, Google 등) 높은 고객 Impact를 창출한 앱서비스 개발 경험 보유 Benefits & Perks 기본 연차 외..."
https://kr.indeed.com/viewjob?jk=fb901c84fe417066,Senior Software Engineer/Bridge Software...,FPT Software 대한민국,,"Web technology || Mobile Technology – Cloud: AWS,Azure, Google Cloud – OS: Windows,Linux – Design methodology: OOP, Design..."
https://kr.indeed.com/viewjob?jk=7814f663dfd2e2b1,e 커머스 퍼포먼스 마케터(광고운영),피플투피플 서울특별시,,"브랜드별 Facebook, Google Ads 광고캠페인 운영 채 용 분... 연봉】 면접시 협의 【담당업무】 - 브랜드별 Facebook, Google Ads 광고캠페인 운영 - ROAS 기반 퍼포먼스 광고플랫폼 운영 (페이..."
https://kr.indeed.com/viewjob?jk=de706b3262efd1ed,사업개발 및 마케팅,온라인 수학교재 출판사 서울 서초구,,경력 2년 이상 • 우대 사항 신규 서비스 런칭 or 온라인 비즈니스 마케팅 경험 로그 분석 툴 경험 ( Google Analytics) 브랜드 마케팅과 함께 하는 디지털 마케팅에 대한 경험 근무 형태: 정규직 급여...
https://kr.indeed.com/viewjob?jk=de706b3262efd1ed,사업개발 및 마케팅,온라인 수학교재 출판사 서울 서초구,,경력 2년 이상 • 우대 사항 신규 서비스 런칭 or 온라인 비즈니스 마케팅 경험 로그 분석 툴 경험 ( Google Analytics) 브랜드 마케팅과 함께 하는 디지털 마케팅에 대한 경험 근무 형태: 정규직 급여...
https://kr.indeed.com/viewjob?jk=4cd0be60df2ff115,Cloud Technical Account Manager- Program...,Oracle 3.8 서울,,"Experience with other cloud platform including AWS, Azure, Google Compute Platform & VMware is a plus Detailed Description..."
https://kr.indeed.com/viewjob?jk=d5084670b0ac9e25,eCommerce Contents Manager,Success Korea 서울 한남동,,experience and understanding of Google Analytics is required. 4. Experience... understanding of Google Analytics...
https://kr.indeed.com/viewjob?jk=e0e1113aee151221,마케팅분석,Success Korea 서울 삼성동,,"Tableau, Flurry, and Google Analytics... tools... Tableau, Flurry, and Google Analytics. [자격요건] - Bachelor's degree..."
https://kr.indeed.com/viewjob?jk=f5f10b204348a770,"웹, APP 개발자 경력직",COVVYLab(코비랩) 제주 제주시,,"경력필수 Back_end : node.js, spring 경력필수 서버운용(하기 경력 필수) : AWS, Google Cloud DBMS 경력필수 포트폴리오 필수 (확인 가능한 온라인 주소나 첨부 파일, 공동 작업 시 맡은..."
https://kr.indeed.com/viewjob?jk=1e356dbf561ecbb5,[서비스플랫폼그룹] 웹서비스기획 담당자,와이디온라인 서울 강남구,,"티브 앱 서비스 기획 또는 운영 경험 - 프로젝트 PM 또는 PL 경험 - 웹로그 분석 도구 사용 경험( Google Analytics, Piwik 등) ※ 모집 전형 [전형절차] 서류 심사 1차 실무면접 2차 임원면..."
https://kr.indeed.com/viewjob?jk=5f2f431b3e193b88,BX 디자이너,유명메신저회사 서울 성동구,,가이드 제작 경험이 있으신 분 [ 업무 관련 사용 툴 ] - Slack - Notion - Adobe - Google (Drive/Docs/Mail) [ 기타조건 ] - 학력 : 대졸이상 - 채용조건 : 정규직 - 근무지...
https://kr.indeed.com/viewjob?jk=82d9f31e98f5d870,Senior Web Front-End Engineer,레이니스트 서울,,"경험 보유 Data Driven 의사결정을 하는 Lean 조직에서의 개발 경험 보유 (예. Amazon, Google 등) 높은 고객 Impact를 창출한 앱서비스 창업/운영 경험 보유 Benefits & Perks 기본..."
https://kr.indeed.com/viewjob?jk=d81a738a3332c366,Accountant,Success Korea 서울 삼성역,,computer skills in Microsoft Office and Google Tools - Proficient in English... Office and Google Tools - Proficient...
https://kr.indeed.com/viewjob?jk=93c0cd9f364e4408,사업기획 담당,에너지 거래소 및 에너지데이터 중개 서울,,"진취적이고, 창의적 도전을 즐기는 실행가 -경력보다 능력이 뛰어나지만, 정해진 업무 권한으로 답답한 분들 - Google Analytics, 마케팅 실행성과 분석역량 소유자 우대 [전형절차] -서류전형 -1차면접 [제출서류..."
https://kr.indeed.com/viewjob?jk=cffd1c709d91f654,EMCK Warehouse Technician,Air Liquide 서울,,able to work with people at all levels. Ability to use Google office. (preferred) Self-motivated and achievement oriented...
https://kr.indeed.com/viewjob?jk=4b5901b1f53ab8c1,"Engagement Manager, Professional Service...",Google 4.3 서울,,"Google products. To learn more about gTech, check out our video. Responsibilities Solve business challenges for Google..."
https://kr.indeed.com/viewjob?jk=eeef6f102d3f4b81,고객 로그분석 관리자,Success Korea 서울,,채용제목 고객 로그분석 관리자 (지원마감) 회사소개 대기업 유통 업무내용/자격요건 담당직무 - GA( Google Analytics) / Wiselog 를 활용한 고객 활동성 분석을 위한 기반 관리 - GA / wiselog...
https://kr.indeed.com/viewjob?jk=fb523a8d0fb3649c,Subsurface Biogeochemistry / Geomicrobio...,Association of Environmental Engineering and Scien... 대한민국,,information about this research is available at https://sites. google.com/site/geobiokwon/ Candidates are required to hold...
https://kr.indeed.com/viewjob?jk=473056c571b23c47,Senior Machine Learning Engineer,레이니스트 서울,,"창출 경험 보유 Data Driven 의사결정을 하는 Lean 조직에서의 개발 경험 보유 (예. Amazon, Google 등) 국내/외 데이터 분석/모델링 대회 수상 경력 Benefits & Perks 기본 연차 외 반기별..."
https://kr.indeed.com/viewjob?jk=605e9ab2e32e1529,SEO Specialist,Asiance 서울,,커뮤니이션과 문 해결 능력. • Experience in Google Analytics and Naver Webmaster tools. • Google Analytics와 네이버 웹마스터 툴 경험자. • Proficient...
https://kr.indeed.com/viewjob?jk=f4328c809d6f71aa,BA(MKT'g),Success Korea 서울 삼성동,,"Tableau, Flurry, and Google Analytics... tools... Tableau, Flurry, and Google Analytics [자격요건] - Bachelor’s degree..."
https://kr.indeed.com/viewjob?jk=d74cf8319178b5f5,Senior Data Engineer,Calm Island 서울,,"deployed on cloud systems like AWS (preferable), Google Cloud, Microsoft Azure, etc. Track record of high quality..."
https://kr.indeed.com/viewjob?jk=2ef4572f46f1e61c,디지털 마케팅 관리자,AmazingTalker 서울 • 재택 근무 가능,,"우고 개선합니다. 또한 새로운 채널을 확장하여 새로운 잠재 고객에게 다가갑니다. 특히, SEO, SEM, Google 디스플레이 광고, 리 타겟팅, 소셜 미디어 마케팅, Facebook의 유료 미디어 캠페인, Twitter..."
https://kr.indeed.com/viewjob?jk=2bd89068ede564bb,IT Manager (차~부장급) 채용,Success Korea 대한민국,,well as a variety of Windows based desktop applications and Google. Much... departments focus... supporting business...
https://kr.indeed.com/viewjob?jk=c01907492042cd96,시스템 운영,㈜무하유는 대한민국,,"가상화 (Xen, VMWare, Hyper-V, Docker 등) 설계/구축/운영 경력 가상화 서비스 (AWS, Google App engine, Azure 등) 운영 경력 빅데이터 (Hadoop, ElasticSearch..."
https://kr.indeed.com/viewjob?jk=d56e72c8b47ac63a,"Senior, Back-end Engineer (Fintech platf...",Coupang 3.1 서울,,"조직에서의 소프트웨어 개발 경력 Cloud background (docker, K8S and AWS/ Google/ Azure) API Gateway, Service Mesh 를 company-wide 적용 경험 Strong..."
https://kr.indeed.com/viewjob?jk=dad4f30dae3baf19,웹개발 (Front-End),Success Korea 서울,,웹개발 업무 3년~5년 필수조건 - Javascript 및 front-end개발 역량 [우대사항] - Google Analytics 태깅 개발 경험 - 쇼핑몰 Web/App 구축 프로젝트 수행 경험자 [전형절차] 서류...
https://kr.indeed.com/viewjob?jk=1622a08497f8c091,Data Scientist,에너지 거래소 및 에너지데이터 중개 서울,,"Learning Concept -Node.js / Express.js / Go -TensorFlow - Google Cloud Platform / Compute Engine / K8s [전형절차] -서류전형 -1,2차면접..."
https://kr.indeed.com/viewjob?jk=4bd45a4f0a7d42bc,[근무지 태국] Director of Digital Media Sales...,global digital marketing agency 대한민국,,"strong understanding of global digital media... Facebook, Google, YouTube, Twitter and Line etc; A passion for digital..."
https://kr.indeed.com/viewjob?jk=04b2fccb2e94c107,Brand Manager (8~10years),Success Korea 서울 삼성동,,"Internet and software programs... Google Tools, Excel, PowerPoint and Word... programs... Google Tools, Excel..."
https://kr.indeed.com/viewjob?jk=04aaa5c824a915a7,웹보드 게임(맞고/섯다/포커) PC/iOS/Android 서비스 QA,네오위즈 대한민국,,"이션이 가능하신 분 1. Software QA/Tester 경험이 있으신 분 2. MS Office/ Google 문서도구 사용이 용이하신 분 3. 소프트웨어 테스팅 관련 자격증을 보유하신 분(ex) ISTQB, CSTS..."
https://kr.indeed.com/viewjob?jk=105e33c79a00d85e,디지털광고/퍼포먼스 마케터,Success Korea 서울,,"기획, 운영, 데이터 분석 등 - Google Analytics 등 분석... 등) 사용 가능자 학력 : 학력 및 전공 무관 우대사항 : - Google Tag manager 사용 가능자 - 매체에서 세일즈 경험이 있으신 분..."
https://kr.indeed.com/viewjob?jk=02f364ec4c4a03e0,디지털광고/퍼포먼스마케터,Success Korea 서울,,"분석 등 - Google Analytics 등 분석 Tool 사용 가능자 - Mobile Attribution Tool (Appsflyer, Adjust, Branch 등) 사용 가능자 우대사항 : - Google Tag..."
https://kr.indeed.com/viewjob?jk=a0dca4be45406e2f,Sr. HR Generalist,Success Korea 서울 강남구,,"5) Support Google Guide Program... members with departmental support on Google Apps. ? Provide immediate, one-on-one..."
https://kr.indeed.com/viewjob?jk=c0ad001670f43916,Ulsan National Institute of Science and...,울산과학기술원 울산 언양읍,,"1) The information of applicants must be filled... google sheet below by July 12,2019 https://forms.gle/mvY87QrdXUxGoXYZ6..."
https://kr.indeed.com/viewjob?jk=386220436fb9512a,기술기획,Success Korea 서울,,"Jira, Confluence 등 주요 협업 시스템 사용/운영 경험 - 클라우드 환경 경험 (AWS, Google) - IT분야 개발 프로젝트 기획부터 릴리스까지 전체 경험 [전형절차] 서류 모집 서류전형 AI역량검사..."
https://kr.indeed.com/viewjob?jk=3477427504f130f0,커머스서비스기획_온라인영업관리파트,Success Korea 서울,,참여하신 분 (PM 경험 우대) - Data를 통해 개선 포인트 및 인사이트를 도출하실 수 있는 분 - Google Analytics 활용 능력과 디자인/개발에 대한 이해도가 높은 분 [전형절차] 서류 모집 서류전형 1...
https://kr.indeed.com/viewjob?jk=9219c8c15f682f95,e커머스 서비스기획 (5년이상),Success Korea 서울,,서와 원활한 커뮤니케이션 역량 우대사항 : - e커머스 서비스 및 플랫폼 서비스 구축/개선 유경험자 - Google Analytics Tagging 분석 유경험자 [전형절차] 서류 모집 서류전형 AI역량검사 1차면접 2...
https://kr.indeed.com/viewjob?jk=1a95f6b307d52b94,머신러닝 엔지니어 (3년이상),Success Korea 서울,,"프론트엔드(JSP, PHP, Javascript) 개발 역량 - 클라우드 환경 개발 경험 보유 (AWS, Google) [전형절차] 서류 모집 서류전형 AI역량검사(온라인) 1차면접 2차면접 처우 협상 최종합격 [제출서..."
https://kr.indeed.com/viewjob?jk=87c83dd1ea84e9b6,Data Modeler (3년이상),Success Korea 서울,,"AWS, BIgQuery)기반 데이터처리 경험 우대사항 - 클라우드 환경 데이터 개발 경험 (AWS, Google) - 자체 분석계 시스템 구축 및 운영 경험. - Tableau 개발 및 서비스 경험 - 디지털 마케팅..."
https://kr.indeed.com/viewjob?jk=c6368ee88d7bcc14,검색서비스 기획/운영 (3년이상),Success Korea 서울,,검색 서비스 및 엔진 관리지에 대한 이해도 [ 우대사항] - e커머스 및 플랫폼 서비스 구축/개선 경험 - Google Analytics 및 유사 데이터 분석 Tool 경험 [전형절차] 서류 모집 서류전형 1차면접 인성...
https://kr.indeed.com/viewjob?jk=d0c9ed0ebc97819f,물류시스템 설계/개발 (3년이상),Success Korea 서울,,"클라우드 등 주요 서비스 플랫폼/프레임워크에 대한 이해 우대사항 : - Cloud 환경 경험 (AWS, Google) - OMS 서비스 제반기술(솔루션) 경험 - 뷰티 인더스트리 업무경험 - 물류영역 업무경험 [전형절차..."
https://kr.indeed.com/viewjob?jk=e4de7cd0e98eb1e0,디지털분석 (과~차장),Success Korea 서울,,"관련 업무경력 7년이상 - 전문지식 ※ 웹로그 분석툴(Adobe, Google Analytics) ※ SAS, SQL 등 [전형절차] 서류전형... 웹로그 분석툴(Adobe, Google Analytics) ※ SAS..."
https://kr.indeed.com/viewjob?jk=bb300b9490048133,소프트웨어개발 (Backend),Success Korea 서울,,"기획에서부터 런칭까지의 전체 과정 경험 - 원활한 커뮤니케이션 능력 - 클라우드 환경 개발 경험 (AWS, Google) [전형절차] 서류 모집 서류전형 1차면접 인성 검사(온라인) 2차면접 처우 협상 최종합격 [제출서..."
https://kr.indeed.com/viewjob?jk=1b74606630893b09,웹분석 플랫폼 개발자,Success Korea 서울,,"플랫폼 개발 업무 2년 이상 ( Google Analytics, Adobe Analytics 등) 필수조건 - Javascript 및 front-end개발 역량 [우대사항] - Google Analytics 태깅 개발 경험..."
https://kr.indeed.com/viewjob?jk=eb4f78c31e1860f4,데이터분석가,Success Korea 서울,,"Python, R, 하둡, Spark 등 활용 가능자 - 통계 관련 또는 컴퓨터공학 관련 전공자 - Google Analytics 기반의 데이터 분석 경험 [전형절차] 서류 모집 서류전형 1차면접 인성 검사(온라인..."
https://kr.indeed.com/viewjob?jk=94ebcd8cff7d048f,퍼포먼스마케팅 (3년이상),Success Korea 서울,,"지표 분석 및 최적화 전략 수립 2) 주요 마케팅 채널에 대한 켐페인 기획, 운영, 데이터 분석 등 - Google Analytics 등 분석 Tool 사용 가능자 - App Attribution Tool(Appsflyer..."
https://kr.indeed.com/viewjob?jk=96af4e6f9c42e5d0,퍼포먼스마케팅,Success Korea 서울,,"분석 등 Google Analytics 등 분석 툴 사용 가능자 Mobile Attribution Tool(Appsflyer, Adjust, Branch 등) 사용 가능자 엑셀 능력 중상급 [우대사항] Google Tag..."
https://kr.indeed.com/viewjob?jk=6f29b95e3fb173f5,그로스해킹/데이터분석 (5년이상),Success Korea 서울,,"마케팅자동화, 시각화, A/B Test 등 데이터 관련 Tool 활용 경험 (SQL, Python, R / Google Analytics, Appsflyer / Tableau, Kibana 등) - 대용량 데이터를 효율적으로..."
https://kr.indeed.com/viewjob?jk=4dc7b795d4e8efb8,[ASAP] 머신러닝 엔지니어 (10년차 이상 혹은 전후),Success Korea 서울,,"관련 분야의 석/박사 학위 보유자 - 프론트엔드 개발 가능자 - 클라우드 환경 개발 경험 보유자 (AWS, Google) [전형절차] 서류 모집 서류전형 1차면접 인성 검사(온라인) 2차면접 처우 협상 최종합격 [제출서..."
https://kr.indeed.com/viewjob?jk=9e047b6dbd616562,[ASAP] 커머스 서비스기획 (5년 이상),Success Korea 서울,,서와 원활한 커뮤니케이션 역량 [우대사항] - e커머스 서비스 및 플랫폼 서비스 구축/개선 유경험자 - Google Analytics Tagging 분석 유경험자 [전형절차] 서류 모집 서류전형 1차면접 인성 검사(온라...
https://kr.indeed.com/viewjob?jk=8213b3d51fd3b8b2,Content Translator (Japanese to Korean),Upwork 서울,,speech • Experience working... writing formulas in Google Spreadsheets • Ability to work 30-40 hours a week Benefits...
https://kr.indeed.com/viewjob?jk=5ef5aff549118603,통계분석 및 데이터마이닝 전문가,Success Korea 서울,,"Oracle 11g 및 MySQL 환경의 SQL 작성 능력 - GA( Google Analytics), Wiselog 등의 Web Log를 활용한 분석... SQL 작성 능력 - GA( Google Analytics), Wiselog..."
https://kr.indeed.com/viewjob?jk=71dfe9e7b0f2643b,고객데이터 분석,Success Korea 서울,,"Python, R, 하둡, Spark 등 활용 가능자 - 통계 관련 또는 컴퓨터공학 관련 전공자 - Google Analytics 기반의 데이터 분석 경험 [전형절차] 서류 모집 서류전형 1차면접 인성 검사 2차면접..."
https://kr.indeed.com/viewjob?jk=2c8fbb52d6563cc5,플랫폼 소프트웨어 아키텍트 (10년이상),Success Korea 서울,,"시스템에 대한 폭넓은 이해 - 프로젝트 매니지먼트 경험 - 클라우드 환경 경험 (AWS, Google) [우대사항] - 원활한 커뮤니케이션 능력 - 컴퓨터공학 등의 관련 전공 - 주요 협업 시스템 사용 경험..."
https://kr.indeed.com/viewjob?jk=d11342cfe074df78,Frontend Developer (Javascript/React),Bepro Company 서울,,Python + Django - AWS lambda + API gateway - MySQL - Google Cloud Platform - Git [회사 문화]: Be Pro at your work. (Freedom...
https://kr.indeed.com/viewjob?jk=d11342cfe074df78,Frontend Developer (Javascript/React),Bepro Company 서울,,Python + Django - AWS lambda + API gateway - MySQL - Google Cloud Platform - Git [회사 문화]: Be Pro at your work. (Freedom...
https://kr.indeed.com/viewjob?jk=a23b8b2d1f1a450e,디지털 마케팅 (매체 전략/운영),Success Korea 서울,,"해도 - 디지털 광고에 대한 자사 채널과의 연계 분석 및 최적화 경험 - Google Marketing Platform, Adobe Marketing... 분석 및 최적화 경험 - Google Marketing Platform..."
https://kr.indeed.com/viewjob?jk=e4772e698a250d04,신규 모바일 서비스(앱) 기획(대리 말-과장),Success Korea 서울,,모바일 기반의 스타트업 또는 포털 서비스에서 근무한 경험이 있는 분 - Google Analytics 등 각종 지표 설정과 통계 분석이 가능한 분... 근무한 경험이 있는 분 - Google Analytics 등 각종 지표...
https://kr.indeed.com/viewjob?jk=889af3d1db960fba,디지털 마케팅 (Performance Marketing),Success Korea 서울,,"등) - Google Analytics 등 분석 툴 사용 가능자 - Mobile Attribution Tool(Appsflyer, Adjust, Branch 등) 사용 가능자 우대사항 - Google Tag manager..."
https://kr.indeed.com/viewjob?jk=7d27a6d28b992b1a,Tagging Engineer,Success Korea 서울,,"Analytics, Google Analytics, 자체 태깅 무관) 필수조건 - Adobe Analytics, Google Analytics 등... Adobe Analytics, Google Analytics, 자체 태깅..."
https://kr.indeed.com/viewjob?jk=1b410fcb7401314d,퍼포먼스마케팅 (3년 이상),Success Korea 서울,,"지표 분석 및 최적화 전략 수립 2) 주요 마케팅 채널에 대한 켐페인 기획, 운영, 데이터 분석 등 - Google Analytics 등 분석 Tool 사용 가능자 - 퍼포먼스 마케팅 전반 프로세스에 대한 수행 경험 우대..."
https://kr.indeed.com/viewjob?jk=fba9295b836da2c6,[ASAP] 퍼포먼스 마케팅/DA,Success Korea 서울,,"대행사 없이 직접 기획, 운영, 진행 경험자 - 통계 툴, DMP, Google Analytics, Tune, Adjust 사용 경험자 우대 [전형... 경험자 - 통계 툴, DMP, Google Analytics, Tune..."
https://kr.indeed.com/viewjob?jk=f46aabbd4520d1b0,IT기술기획 및 PM/PL,Success Korea 서울,,"주요 협업 시스템 사용/운영 경험 우대사항 - 원활한 커뮤니케이션 능력 - 클라우드 환경 경험 (AWS, Google) - IT분야 개발 프로젝트의 기획부터 릴리스까지 전체를 경험자 [전형절차] 서류 모집 서류전형 1..."
https://kr.indeed.com/viewjob?jk=29dd86460a131f0b,플랫폼 기술PM,Success Korea 서울,,"개발/셋업/운영 경험 - 원활한 커뮤니케이션 능력 (한국어 및 영어) - 클라우드 환경 경험 (AWS, Google) [전형절차] 서류 모집 서류전형 1차면접 인성 검사(온라인) 2차면접 처우 협상 최종합격 [제출서류..."
https://kr.indeed.com/viewjob?jk=c89766338a7c5a86,플랫폼 기술PM (3년이상),Success Korea 서울,,"개발/셋업/운영 경험 - 원활한 커뮤니케이션 능력 (한국어 및 영어) - 클라우드 환경 경험 (AWS, Google) [전형절차] 서류 모집 서류전형 1차면접 인성 검사(온라인) 2차면접 처우 협상 최종합격 [제출서류..."
https://kr.indeed.com/viewjob?jk=76b25253962d7eb3,웹사이트 개발 및 유지보수(채용인원 1명),Success Korea 서울 상암동,,"프로시저 개발 경험이 있으신 분. - 소셜 API (Facebook, Google) 를 활용한 개발 경험이 있으신 분. [우대 사항] - ASP... 소셜 API (Facebook, Google) 를 활용한 개발 경험이 있으..."
https://kr.indeed.com/viewjob?jk=9e0e79d71c83094f,개방형 플랫폼 개발(채용인원 1명),Success Korea 서울 상암동,,"Javascript 에 능숙하신 분. - 소셜 API (Facebook, Google) 를 활용한 개발 경험이 있으신 분. - 이벤트, 비동기... 소셜 API (Facebook, Google) 를 활용한 개발 경험이 있으..."
https://kr.indeed.com/viewjob?jk=d4a93547b2297fb9,웹사이트 개발 및 유지보수(계약직),Success Korea 서울 상암동,,"프로시저 개발 경험이 있으신 분 - 소셜 API (Facebook, Google) 를 활용한 개발 경험이 있으신 분 [우대 사항] - ASP, C#... 소셜 API (Facebook, Google) 를 활용한 개발 경험이 있으..."
https://kr.indeed.com/viewjob?jk=33e82e5fe6db505b,Web Tagging Engineer,Success Korea 서울,,"업무 2년 이상 필수 (Adobe Analytics, Google Analytics, 자체 태깅 무관) 필수조건 - Adobe Analytics, Google Analytics 등 태깅 개발 역량 - Javascript 및..."
https://kr.indeed.com/viewjob?jk=205f5b42668f7e3f,웹사이트 개발 및 유지보수(대리급),Success Korea 서울 상암동,,"프로시저 개발 경험이 있으신 분 - 소셜 API (Facebook, Google) 를 활용한 개발 경험이 있으신 분 [우대 사항] - ASP, C#... 소셜 API (Facebook, Google) 를 활용한 개발 경험이 있으..."
https://kr.indeed.com/viewjob?jk=296c6bb502e96e53,웹사이트 개발 및 유지보수(과장급),Success Korea 서울 상암동,,"프로시저 개발 경험이 있으신 분 - 소셜 API (Facebook, Google) 를 활용한 개발 경험이 있으신 분 [우대 사항] - ASP, C#... 소셜 API (Facebook, Google) 를 활용한 개발 경험이 있으..."
https://kr.indeed.com/viewjob?jk=fde71a032b2fe17d,고객 행동 Log 분석 전문가(Web/App Log Analyst),Success Korea 서울,,있는 능력 (Hadoop 환경에서의 분석 경험) - Google Analytics / Google Tag Manager 활용 경험 필수 [전형절차... 서의 분석 경험) - Google Analytics / Google Tag...
https://kr.indeed.com/viewjob?jk=9a1770447afec1d0,개방형 플랫폼 개발,Success Korea 서울 상암동,,"하고 설계 및 개발 가능하신 분. - 소셜 API (Facebook, Google) 를 활용한 개발 경험이 있으신 분. - 이벤트, 비동기 방식에... 소셜 API (Facebook, Google) 를 활용한 개발 경험이 있으..."
https://kr.indeed.com/viewjob?jk=1402fd5ee889df10,B2B온라인몰(기프티엘비즈) 서비스 운영/마케팅 담당,Success Korea 서울 중구,,"서비스 채널 운영 유 경험자 - 디자인 관련 자격증 소지자 우대 - Google Analytics 활용 경력 우대 [전형절차] 서류-면접 1,2차... 자인 관련 자격증 소지자 우대 - Google Analytics 활용 경력..."
https://kr.indeed.com/viewjob?jk=948a0db378d9d043,검색광고 마케터,Success Korea 서울 강남구,,광고 대행 경력 3년 이상 - 검색광고 집행액 월 1억원 이상 경험자 [우대 사항] - 로그 분석 툴 경험( Google Analytics) - 마케팅 에이전시 근무 경력 [전형절차]서류전형- 면접 2회 [제출서류] 입사...
https://kr.indeed.com/viewjob?jk=c89dae5804791273,Brand Manager (사원-대리급),Success Korea 서울 여의도역,,"other functions, steering agencies - Good knowledge of google analytics and digital media performance index - language..."
https://kr.indeed.com/viewjob?jk=061758a50515258f,데이터모델링/BI기획,Success Korea 서울,,"연동/설계 경험 - Python, R, Spark 등 활용 가능자 - 클라우드 환경 개발 경험 (AWS, Google) [전형절차] 서류 모집 서류전형 1차면접 인성 검사 2차면접 처우 협상 최종합격 [제출서류] 자사양..."
https://kr.indeed.com/viewjob?jk=f3c9b5d40256d30e,CRM 기획/운영,Success Korea 서울,,데이터를 기반으로 현업 부서와 원활한 커뮤니케이션 능력 보유 우대사항 : - SQL 활용 가능 - Google Analytics 기반의 데이터 분석 경험 [전형절차] 서류 모집 서류전형 1차면접 인성 검사(온라인...
https://kr.indeed.com/viewjob?jk=647f61dbc447c886,Data Engineer,Success Korea 서울,,"Elasticsearch, Kibana 사용 경험 - 원활한 커뮤니케이션 능력 - 클라우드 환경 개발 경험 (AWS, Google) [전형절차] 서류 모집 서류전형 1차면접 인성 검사(온라인) 2차면접 처우 협상 최종합격..."
https://kr.indeed.com/viewjob?jk=ac4c971a6d65727f,"데이터 엔지니어 (Data Engineer, 5년이상)",Success Korea 서울,,"경험 - 비즈니스 현업과의 원활한 커뮤니케이션 역량 [우대사항] - 클라우드 환경 개발 경험 (AWS, Google) - 클라우드 서비스 기반의 데이터 인프라 환경에서의 개발 경험 - AWS 서비스 활용 경험 (Glue..."
https://kr.indeed.com/viewjob?jk=4fb135f4b8706402,머신러닝 엔지니어 (Machine Learning Engineer),Success Korea 서울,,"분야의 석/박사 학위 보유자 - 프론트엔드 개발 가능자 - 클라우드 환경 개발 경험 보유자 (AWS, Google) [전형절차] 서류 모집 서류전형 1차면접 인성 검사(온라인) 2차면접 처우 협상 최종합격 [제출서류..."
https://kr.indeed.com/viewjob?jk=daaaae201f85a364,퍼포먼스 마케터 대리급,에이치알 코리아 대한민국,,"모집부문 디지털광고 운영 업무내용 - 웹/앱 서비스 클라이언트 위주 Facebook/Instagram, Google 등 글로벌 매체 캠페인 운영 - 클라이언트 & 미디어 커뮤니케이션 및 관리 - 미디어 빅데이터 통계, 인사이..."
https://kr.indeed.com/viewjob?jk=c0f615c8aecd5778,Deep Learning Engineer(영상 처리),Success Korea 서울,,"우대사항 - 클라우드 환경 개발 경험 (Open stack, AWS, Google) - OpenCV 사용 가능자 - Android, iOS 개발 경험... Open stack, AWS, Google) - OpenCV 사용 가능자..."
https://kr.indeed.com/viewjob?jk=f7a219e4ddc12e84,Deep Learning Engineer(수요예측/자연어처리),Success Korea 서울,,"클라우드 환경 개발 경험 보유자 (Open stack, AWS, Google) - Spark 사용 경험 보유자 - javascript 사용 경험 보유... Open stack, AWS, Google) - Spark 사용 경험 보유..."
https://kr.indeed.com/viewjob?jk=592e91db4cb9ad58,Senior Digital Marketing Manager,Success Korea 서울 강남구,,"digital marketing efforts through all web, SEO/SEM (Naver, Google), marketing database, email, social media and display..."
https://kr.indeed.com/viewjob?jk=e095cca7dbd40c94,QC/QA Engineer (5년이상),Success Korea 서울,,"공학 혹은 유사 학과 전공자 [우대사항] - 원활한 커뮤니케이션 능력 - 클라우드 환경 경험 (AWS, Google) - IT분야 개발 프로젝트의 기획부터 릴리스까지 전 과정 경험자 [전형절차] 서류 모집 서류전형 1..."
https://kr.indeed.com/viewjob?jk=ce1ba16b8d8b428e,저축은행 앱마케팅 경력자,국내자본 저축은행 서울 구로구,,"매체별 운영 최적화, 인사이트 도출 [자격요건] - 4년제 정규 대졸 이상 - 앱마케팅 파이어베이스, 튠, Google Analytics 활용 경험자 - 마케팅 전략 및 제휴 경험자 우대 - 금융사/커머스 디지털 마케팅 경력..."
https://kr.indeed.com/viewjob?jk=9316a7b9c60a57f9,Executive Admin,Success Korea 대한민국,,"Word, Excel, PowerPoint & AS400) 와 Google Application 을 능숙하게 사용 가능한 자 [전형절차] [제출서... PowerPoint & AS400) 와 Google Application..."
https://kr.indeed.com/viewjob?jk=50a1cb7c9938cba4,Sr.Service/platform Engineer (15년 이상),Success Korea 서울,,"데이터 모델링 및 빅데이터 관련 경험 - 인프라 구축 및 운영 경험 - 클라우드 환경 개발 경험 (AWS, Google) [전형절차] 서류 모집 서류전형 1차면접 인성 검사(온라인) 2차면접 처우 협상 최종합격 [제출서..."
https://kr.indeed.com/viewjob?jk=0764ddfe9ef1d1d0,마케팅 기획 및 분석,Success Korea 서울 강남구,,데이터 분석 가능한 자 - MS-Office 중급 이상 - GA( Google Analytics) 분석 경험 有 - 디지털퍼포먼스 광고대행사 근무... Office 중급 이상 - GA( Google Analytics) 분석 경험...
https://kr.indeed.com/viewjob?jk=85ca9b22e74ff221,E-Commerce Assistant,Success Korea 대한민국,,"필수 온라인 주문/배송관리 Process 및 System에 대한 이해도가 높은 자 Excel 및 Google spreadsheet 사용 능숙자 Flow chart, 보고서, 각종 비교표 등 문서 작성 가능자..."
https://kr.indeed.com/viewjob?jk=247c8089f5cc0f9e,커머스 플랫폼 서비스기획 (3년이상),Success Korea 대한민국,,서와 원활한 커뮤니케이션 역량 우대사항 : - e커머스 서비스 및 플랫폼 서비스 구축/개선 유경험자 - Google Analytics Tagging 분석 유경험자 [전형절차] 서류 모집 서류전형 AI역량검사(온라인) 1...
https://kr.indeed.com/viewjob?jk=a1a8344692b1e22e,데이타분석,Success Korea 서울 강남구,,"성장기업 업무내용/자격요건 담당직무 - 빅데이터 아키텍처 설계 및 운영 (Spark, Zeppelin, Google Big Query등) - 데이터 처리 파이프라인 구성을 위한 프로그램을 개발 및 운영(Scala, SQL..."
https://kr.indeed.com/viewjob?jk=5cfa40d3af3642ab,사내시스템 관리자,Success Korea 서울 삼성동,,"system (Groupware, Google Apps) 표준화하고 체계화... 설계 및 개발 -Groupware, Google Apps 유지 보수 -SAP, Groupware, Google, 전자세금계산서 등 유지 보수 업체..."
https://kr.indeed.com/viewjob?jk=12ab228e3d02e0ac,언어교육센터 원어민 강사(Ulsan National Institute o...,울산과학기술원 울산 언양읍,,"information of applicants must be filled... google sheet below by December, 15th, 2018 Google Link : https://goo.gl/forms..."
https://kr.indeed.com/viewjob?jk=eff3f1ba42c03c1d,디지털 퍼포먼스 마케팅 AE,Success Korea 서울 서초동,,팀 단위 디지털 퍼포먼스 마케팅 캠페인 집행 이력 - GAIQ 등 google 관련 자격증 소지 - 로그 기반 트래킹 솔루션에 대한 이해도 - 디지털... 집행 이력 - GAIQ 등 google 관련 자격증 소지 - 로그 기반...
https://kr.indeed.com/viewjob?jk=d483c7865970021a,[ASAP]디지털마케팅,Success Korea 서울 논현동,,"communication, and business - Skill to use Google Analytics and other digital... Skill to use Google Analytics and other..."
https://kr.indeed.com/viewjob?jk=bf3b3745bff82c37,DW(Hadoop) 개발,Success Korea 서울 삼성동,,"튜닝 능력 - WebLog등 빅데이타에서 인사이트를 도출하는 능력 - Google analytics 운영경험 혹은 ETL, BI tool 중 하나라도... 인사이트를 도출하는 능력 - Google analytics 운영경험 혹은..."
https://kr.indeed.com/viewjob?jk=622db0675da1257c,서버개발,Success Korea 서울 삼성동,,"운영 경험있는 분 우대 - Amazon Web Service 또는 Google Cloud Platform을 이용하여 서비스 개발, 운영해 본 경험있는... Web Service 또는 Google Cloud Platform을 이용하..."
https://kr.indeed.com/viewjob?jk=354e3cfc1936034d,Ulsan National Institute of Science and...,울산과학기술원 울산 언양읍,,"information of applicants must be filled... google sheet below by February, 6th, 2019 – Google Link: https://goo.gl/forms..."
https://kr.indeed.com/viewjob?jk=f1b4e7eabc2da592,Associate Vet Affair Manager (학술팀 팀장),Success Korea 서울 삼성역,,"Proficient in Word, Excel, PowerPoint, Google business apps, and social media... Excel, PowerPoint, Google business apps..."
https://kr.indeed.com/viewjob?jk=4756a6169ec8ebe2,(Urgent) 공급업체 감사 및 식품안전 감사,Success Korea 경기도,,"함 · 국내외 출장이 가능하여야 함 · MS Office (Word, Excel, Power Point) & Google Application 능숙하게 사용 가능 [전형절차] 서류전형- 1차 -2차-3차 [제출서류] 국영..."
https://kr.indeed.com/viewjob?jk=644a68d585ac8b12,Operations Admin.,Success Korea 경기도 광명,,수준으로 말하고 듣고 쓰기가 가능하여야 하며 2. MS Office 및 Google Application 사용 가능하여야 하며 ( 상위 수준 ) 3... 하며 2. MS Office 및 Google Application 사용...
https://kr.indeed.com/viewjob?jk=a3a37740614896f7,웹 및 모바일 서비스 기획 경력사원(대리 ~ 과장급) 모집,에이치알 코리아 대한민국,,"영역에서의 경험, 탁월한 노하우 보유하신 분 Web, Mobile 의 UX에 관해 일가견이 있으신 분 Google Analytics, flurry 등 분석 Tool 활용 경험 유 경력무관하게 놀라운 PPT 작성 능력..."
https://kr.indeed.com/viewjob?jk=32498418ae567e49,온라인마케팅,Success Korea 대한민국,,GA( google analytics)분석/리포팅 - 적극적인 의사소통 능력 필요 [전형절차] 서류-면접 [제출서류] 국문이력서 자격요건 - 온라인 마케팅 경력 7년이상 - 온라인쇼핑몰 마케팅 유경험자 - GA( google...
https://kr.indeed.com/viewjob?jk=fafa055e7e43782e,Hearing Aid Manager,Success Korea 경기도 광명,,하며 (미국과 회의와 통화가 가능한 자) - MS Office 및 Google Application 사용 가능하여야 합니다. [기타사항] 1. 탁월... 자) - MS Office 및 Google Application 사용 가능...
https://kr.indeed.com/viewjob?jk=de706b3262efd1ed,사업개발 및 마케팅,온라인 수학교재 출판사 서울 서초구,,경력 2년 이상 • 우대 사항 신규 서비스 런칭 or 온라인 비즈니스 마케팅 경험 로그 분석 툴 경험 ( Google Analytics) 브랜드 마케팅과 함께 하는 디지털 마케팅에 대한 경험 근무 형태: 정규직 급여...
https://kr.indeed.com/viewjob?jk=de706b3262efd1ed,사업개발 및 마케팅,온라인 수학교재 출판사 서울 서초구,,경력 2년 이상 • 우대 사항 신규 서비스 런칭 or 온라인 비즈니스 마케팅 경험 로그 분석 툴 경험 ( Google Analytics) 브랜드 마케팅과 함께 하는 디지털 마케팅에 대한 경험 근무 형태: 정규직 급여...
https://kr.indeed.com/viewjob?jk=974312387185ca2c,E-commerce Full-Stack Engineer(PHP),Success Korea 서울 강남구,,"대규모 플랫폼 서비스 개발을 경험하신 분 - 이커머스 및 물류 관련 시스템 개발 경험자 - AWS, Google Cloud 등 클라우스환경에서 개발 경험하신 분 [자격요건] - 학력: 초대졸이상 - 경력 : Junior(3..."
https://kr.indeed.com/viewjob?jk=d11342cfe074df78,Frontend Developer (Javascript/React),Bepro Company 서울,,Python + Django - AWS lambda + API gateway - MySQL - Google Cloud Platform - Git [회사 문화]: Be Pro at your work. (Freedom...
